TIME,VALUE,LABEL
0.032812499,0.393229157,bw_beat_period
0.426041663,0.403645813,bw_beat_period
0.829687476,0.419270873,bw_beat_period
1.248958349,0.375000000,bw_beat_period
