TIME,VALUE,LABEL
0.000000000,0.000000000,pedal
