TIME,LABEL
0.032812499,0.0
0.426041663,1.0
0.829687476,2.0
1.248958349,3.0
1.623958349,4.0
